"RecID","InstAbbr","InstName","InstPlace","InstLand","NumberEntry","NameArchiveSet","ArchivePart","Specification","LogbookIdent","LogbookLanguage","EnteredBy","DASnumber","ImageNumber","VoyageFrom","VoyageTo","ShipName","ShipType","Company","OtherShipInformation","Nationality","Name1","Rank1","Name2","Rank2","Name3","Rank3","ZeroMeridian","StartDay","TimeGen","ObsGen","ReferenceCourse","ReferenceWindDirection","DistUnits","DistToLandmarkUnits","DistTravelledUnits","LongitudeUnits","VoyageIni","UnitsOfMeasurement","Calendar","Year","Month","Day","DayOfTheWeek","PartDay","TimeOB","Watch","Glasses","UTC","CMG","ShipSpeed","Distance","drLatDeg","drLatMin","drLatSec","drLatHem","drLongDeg","drLongMin","drLongSec","drLongHem","LatDeg","LatMin","LatSec","LatHem","LongDeg","LongMin","LongSec","LongHem","Lat3","Lon3","LatInd","LonInd","PosCoastal","EncName","EncNat","EncRem","Anchored","AnchorPlace","LMname1","LMdirection1","LMdistance1","LMname2","LMdirection2","LMdistance2","LMname3","LMdirection3","LMdistance3","EstError","ApplError","WindDirection","AllWindDirections","WindForce","WindForceScale","AllWindForces","WindScale","Weather","ShapeClouds","DirClouds","Clearness","PrecipitationDescriptor","CloudFrac","Gusts","Rain","Fog","Snow","Thunder","Hail","SeaIce","Duplicate","Release","SSTReading","SSTReadingUnits","StateSea","CurrentDir","CurrentSpeed","TairReading","AirThermReadingUnits","ProbTair","BaroReading","AirPressureReadingUnits","BarometerType","BarTempReading","BarTempReadingUnits","HumReading","HumidityUnits","HumidityMethod","PumpWater","WaterAtThePumpUnits","LifeOnBoard","LifeOnBoardMemo","Cargo","CargoMemo","ShipAndRig","ShipAndRigMemo","Biology","BiologyMemo","WarsAndFights","WarsAndFightsMemo","Illustrations","TrivialCorrection","OtherRem"
"251854","NMM","National Maritime Museum","Greenwich","United Kingdom","","","","","NMM ADM/L/C222","English","","NA","","Torbay","St Johns Newfoundland","Crocodile","6th Rate","RN","24g 513bm","British","James King","Captain","James Levenham","1st Officer/Master","","","Greenwich","12","","","Unknown","Unknown","Unknown","Leagues","nm","Unknown","17821015","standard","2","1782","10","15","Tuesday","","12","","NA","1782101512","S20W","NA","62","49","8","0","N","6","33","0","W","NA","NA","NA","","NA","NA","NA","","49.1333","-6.55","1","1","0","","British","convoy","0","","Lizard","N50E","22","","","NA","","","NA","","","NNW","NNE-NNW","fresh breezes","NA","fresh breezes","","","","","clear","","NA","0","0","0","0","0","0","0","0","CLIWOC Version 1.1","NA","","","","","NA","","NA","NA","","","NA","","NA","","","NA","","0","","0","","0","","0","","0","","0","0",""
"251855","NMM","National Maritime Museum","Greenwich","United Kingdom","","","","","NMM ADM/L/C222","English","","NA","","Torbay","St Johns Newfoundland","Crocodile","6th Rate","RN","24g 513bm","British","James King","Captain","James Levenham","1st Officer/Master","","","Greenwich","12","","","Unknown","Unknown","Unknown","Leagues","nm","Unknown","17821015","standard","2","1782","10","16","Wednesday","","12","","NA","1782101613","N84W","NA","52","49","14","0","N","7","53","0","W","NA","NA","NA","","NA","NA","NA","","49.2333","-7.88333","1","1","0","","British","convoy","0","","Land's End","NE3/4E","30","","","NA","","","NA","","","SWbS","NWbN-SWbS","fresh breezes","NA","moderate, then fresh breezes","","","","","clear","","NA","0","0","0","0","0","0","0","0","CLIWOC Version 1.1","NA","","","","","NA","","NA","NA","","","NA","","NA","","","NA","","0","","0","","0","","0","","0","","0","0",""
"251856","NMM","National Maritime Museum","Greenwich","United Kingdom","","","","","NMM ADM/L/C222","English","","NA","","Torbay","St Johns Newfoundland","Crocodile","6th Rate","RN","24g 513bm","British","James King","Captain","James Levenham","1st Officer/Master","","","Greenwich","12","","","Unknown","Unknown","Unknown","Leagues","nm","Unknown","17821015","standard","2","1782","10","17","Thursday","","12","","NA","1782101713","N79W","NA","45","49","22","0","N","9","0","0","W","NA","NA","NA","","NA","NA","NA","","49.3667","-9","1","1","0","","British","convoy","0","","Land's End","ENE3/4E","42","","","NA","","","NA","","","NE","WSW-NE","light breezes","NA","light breezes","","","","","","","NA","0","0","0","0","0","0","0","0","CLIWOC Version 1.1","NA","","","","","NA","","NA","NA","","","NA","","NA","","","NA","","0","","0","","0","","0","","0","","0","1",""
"251857","NMM","National Maritime Museum","Greenwich","United Kingdom","","","","","NMM ADM/L/C222","English","","NA","","Torbay","St Johns Newfoundland","Crocodile","6th Rate","RN","24g 513bm","British","James King","Captain","James Levenham","1st Officer/Master","","","Greenwich","12","","","Unknown","Unknown","Unknown","Leagues","nm","Unknown","17821015","standard","2","1782","10","18","Friday","","12","","NA","1782101813","S74W","NA","42","49","8","0","N","10","2","0","W","NA","NA","NA","","NA","NA","NA","","49.1333","-10.0333","1","1","0","","British","convoy","0","","Land's End","ENE1/4E","56","","","NA","","","NA","","","SW","NNW-SW","light breezes","NA","light breezes","","","","","","","NA","0","0","0","0","0","0","0","0","CLIWOC Version 1.1","NA","","","","","NA","","NA","NA","","","NA","","NA","","","NA","","0","","0","","0","","0","","0","","0","0",""
"251858","NMM","National Maritime Museum","Greenwich","United Kingdom","","","","","NMM ADM/L/C222","English","","NA","","Torbay","St Johns Newfoundland","Crocodile","6th Rate","RN","24g 513bm","British","James King","Captain","James Levenham","1st Officer/Master","","","Greenwich","12","","","Unknown","Unknown","Unknown","Leagues","nm","Unknown","17821015","standard","2","1782","10","19","Saturday","","12","","NA","1782101913","S12W","NA","61","48","8","0","N","10","21","0","W","NA","NA","NA","","NA","NA","NA","","48.1333","-10.35","1","1","0","","British","convoy","0","","Land's End","NEbE","69","","","NA","","","NA","","","WNW","NWbW, WNW","light breezes","NA","light breezes","","","","","","","NA","0","0","0","0","0","0","0","0","CLIWOC Version 1.1","NA","","","","","NA","","NA","NA","","","NA","","NA","","","NA","","0","","0","","0","","0","","0","","0","0",""
"251859","NMM","National Maritime Museum","Greenwich","United Kingdom","","","","","NMM ADM/L/C222","English","","NA","","Torbay","St Johns Newfoundland","Crocodile","6th Rate","RN","24g 513bm","British","James King","Captain","James Levenham","1st Officer/Master","","","Greenwich","12","","","Unknown","Unknown","Unknown","Leagues","nm","Unknown","17821015","standard","2","1782","10","20","Sunday","","12","","NA","1782102013","S9:20W","NA","67","46","57","0","N","10","54","0","W","NA","NA","NA","","NA","NA","NA","","46.95","-10.9","1","1","0","","British","convoy","0","","Land's End","NE","90","","","NA","","","NA","","","NbW","NWbW-NbW","fresh gales","NA","fresh gales and squally","","","","","","rain","NA","0","0","0","0","0","0","0","0","CLIWOC Version 1.1","NA","","","","","NA","","NA","NA","","","NA","","NA","","","NA","","0","","0","","0","","0","","0","","0","0",""
"251860","NMM","National Maritime Museum","Greenwich","United Kingdom","","","","","NMM ADM/L/C222","English","","NA","","Torbay","St Johns Newfoundland","Crocodile","6th Rate","RN","24g 513bm","British","James King","Captain","James Levenham","1st Officer/Master","","","Greenwich","12","","","Unknown","Unknown","Unknown","Leagues","nm","Unknown","17821015","standard","2","1782","10","21","Monday","","12","","NA","1782102113","N14E","NA","33","47","30","0","N","10","43","0","W","NA","NA","NA","","NA","NA","NA","","47.5","-10.7167","1","1","0","","British","convoy","0","","Land's End","NE1/2E","82","","","NA","","","NA","","","WNW","WbN, WNW","fresh breezes","NA","fresh breezes and squally","","","","","","rain","NA","0","0","0","0","0","0","0","0","CLIWOC Version 1.1","NA","","","","","NA","","NA","NA","","","NA","","NA","","","NA","","0","","0","","0","","0","","0","","0","0",""
"251861","NMM","National Maritime Museum","Greenwich","United Kingdom","","","","","NMM ADM/L/C222","English","","NA","","Torbay","St Johns Newfoundland","Crocodile","6th Rate","RN","24g 513bm","British","James King","Captain","James Levenham","1st Officer/Master","","","Greenwich","12","","","Unknown","Unknown","Unknown","Leagues","nm","Unknown","17821015","standard","2","1782","10","22","Tuesday","","12","","NA","1782102213","N39W","NA","72","48","25","0","N","11","51","0","W","NA","NA","NA","","NA","NA","NA","","48.4167","-11.85","1","1","0","","British","convoy","0","","Land's End","ENE","84","","","NA","","","NA","","","WbS","W, WbS","","NA","","","","","","thick foggy","","NA","0","0","0","0","0","0","0","0","CLIWOC Version 1.1","NA","","","","","NA","","NA","NA","","","NA","","NA","","","NA","","0","","0","","0","","0","","0","","0","0",""
"251862","NMM","National Maritime Museum","Greenwich","United Kingdom","","","","","NMM ADM/L/C222","English","","NA","","Torbay","St Johns Newfoundland","Crocodile","6th Rate","RN","24g 513bm","British","James King","Captain","James Levenham","1st Officer/Master","","","Greenwich","12","","","Unknown","Unknown","Unknown","Leagues","nm","Unknown","17821015","standard","2","1782","10","23","Wednesday","","12","","NA","1782102313","S59W","NA","64","47","49","0","N","13","12","0","W","NA","NA","NA","","NA","NA","NA","","47.8167","-13.2","1","1","0","","British","convoy","0","","Land's End","NEbE3/4E","105","","","NA","","","NA","","","NbE","NbW, NbE","fresh gales","NA","fresh gales","","","","","hazy","","NA","0","0","0","0","0","0","0","0","CLIWOC Version 1.1","NA","","","","","NA","","NA","NA","","","NA","","NA","","","NA","","0","","0","","0","","0","","0","","0","0",""
"251863","NMM","National Maritime Museum","Greenwich","United Kingdom","","","","","NMM ADM/L/C222","English","","NA","","Torbay","St Johns Newfoundland","Crocodile","6th Rate","RN","24g 513bm","British","James King","Captain","James Levenham","1st Officer/Master","","","Greenwich","12","","","Unknown","Unknown","Unknown","Leagues","nm","Unknown","17821015","standard","2","1782","10","24","Thursday","","12","","NA","1782102413","S38W","NA","52","47","6","0","N","14","0","0","W","NA","NA","NA","","NA","NA","NA","","47.1","-14","1","1","0","","British","convoy","0","","Land's End","NEbE1/2E","122","","","NA","","","NA","","","N","NW-N","fresh breezes","NA","fresh breezes","","","","","cloudy","","NA","0","0","0","0","0","0","0","0","CLIWOC Version 1.1","NA","","","","","NA","","NA","NA","","","NA","","NA","","","NA","","0","","0","","0","","0","","0","","0","0",""
"251864","NMM","National Maritime Museum","Greenwich","United Kingdom","","","","","NMM ADM/L/C222","English","","NA","","Torbay","St Johns Newfoundland","Crocodile","6th Rate","RN","24g 513bm","British","James King","Captain","James Levenham","1st Officer/Master","","","Greenwich","12","","","Unknown","Unknown","Unknown","Leagues","nm","Unknown","17821015","standard","2","1782","10","25","Friday","","12","","NA","1782102513","N64W","NA","48","47","28","0","N","15","13","0","W","NA","NA","NA","","NA","NA","NA","","47.4667","-15.2167","1","1","0","","British","convoy","0","","Land's End","ENE","130","","","NA","","","NA","","","WSW","calm, WSW","fresh airs","NA","fresh airs","","","","","clear","","NA","0","0","0","0","0","0","0","0","CLIWOC Version 1.1","NA","","","","","NA","","NA","NA","","","NA","","NA","","","NA","","0","","0","","0","","0","","0","","0","0",""
"251865","NMM","National Maritime Museum","Greenwich","United Kingdom","","","","","NMM ADM/L/C222","English","","NA","","Torbay","St Johns Newfoundland","Crocodile","6th Rate","RN","24g 513bm","British","James King","Captain","James Levenham","1st Officer/Master","","","Greenwich","12","","","Unknown","Unknown","Unknown","Leagues","nm","Unknown","17821015","standard","2","1782","10","26","Saturday","","12","","NA","1782102613","N52W","NA","52","47","57","0","N","16","4","0","W","NA","NA","NA","","NA","NA","NA","","47.95","-16.0667","1","1","0","","British","convoy","0","","Land's End","ENE1/2E","139","","","NA","","","NA","","","SW","calm, SW","fresh breezes","NA","fresh breezes","","","","","cloudy","","NA","0","0","0","0","0","0","0","0","CLIWOC Version 1.1","NA","","","","","NA","","NA","NA","","","NA","","NA","","","NA","","0","","0","","0","","0","","0","","0","0",""
"251866","NMM","National Maritime Museum","Greenwich","United Kingdom","","","","","NMM ADM/L/C222","English","","NA","","Torbay","St Johns Newfoundland","Crocodile","6th Rate","RN","24g 513bm","British","James King","Captain","James Levenham","1st Officer/Master","","","Greenwich","12","","","Unknown","Unknown","Unknown","Leagues","nm","Unknown","17821015","standard","2","1782","10","27","Sunday","","12","","NA","1782102713","N64W","NA","61","48","22","0","N","17","26","0","W","NA","NA","NA","","NA","NA","NA","","48.3667","-17.4333","1","1","0","","British","convoy","0","","Land's End","ENE1/2E","154","","","NA","","","NA","","","SW","SW","fresh breezes","NA","fresh breezes","","","","","clear","","NA","0","0","0","0","0","0","0","0","CLIWOC Version 1.1","NA","","","","","NA","","NA","NA","","","NA","","NA","","","NA","","0","","0","","0","","0","","0","","0","0",""
"251867","NMM","National Maritime Museum","Greenwich","United Kingdom","","","","","NMM ADM/L/C222","English","","NA","","Torbay","St Johns Newfoundland","Crocodile","6th Rate","RN","24g 513bm","British","James King","Captain","James Levenham","1st Officer/Master","","","Greenwich","12","","","Unknown","Unknown","Unknown","Leagues","nm","Unknown","17821015","standard","2","1782","10","28","Monday","","12","","NA","1782102813","N69W","NA","51","48","30","0","N","18","37","0","W","NA","NA","NA","","NA","NA","NA","","48.5","-18.6167","1","1","0","","British","convoy","0","","Land's End","EbN","167","","","NA","","","NA","","","WSW","SW-WSW","fresh breezes","NA","fresh breezes","","","","","cloudy","","NA","0","0","0","0","0","0","0","0","CLIWOC Version 1.1","NA","","","","","NA","","NA","NA","","","NA","","NA","","","NA","","0","","0","","0","","0","","0","","0","0",""
"251868","NMM","National Maritime Museum","Greenwich","United Kingdom","","","","","NMM ADM/L/C222","English","","NA","","Torbay","St Johns Newfoundland","Crocodile","6th Rate","RN","24g 513bm","British","James King","Captain","James Levenham","1st Officer/Master","","","Greenwich","12","","","Unknown","Unknown","Unknown","Leagues","nm","Unknown","17821015","standard","2","1782","10","29","Tuesday","","12","","NA","1782102913","S74W","NA","57","48","23","0","N","20","1","0","W","NA","NA","NA","","NA","NA","NA","","48.3833","-20.0167","1","1","0","","British","convoy","0","","Land's End","EbN","187","","","NA","","","NA","","","SWbS","NNW-SWbS","fresh breezes","NA","fresh breezes","","","","","clear","","NA","0","0","0","0","0","0","0","0","CLIWOC Version 1.1","NA","","","","","NA","","NA","NA","","","NA","","NA","","","NA","","0","","0","","0","","0","","0","","0","0",""
"251869","NMM","National Maritime Museum","Greenwich","United Kingdom","","","","","NMM ADM/L/C222","English","","NA","","Torbay","St Johns Newfoundland","Crocodile","6th Rate","RN","24g 513bm","British","James King","Captain","James Levenham","1st Officer/Master","","","Greenwich","12","","","Unknown","Unknown","Unknown","Leagues","nm","Unknown","17821015","standard","2","1782","10","30","Wednesday","","12","","NA","1782103013","N56W","NA","54","48","58","0","N","21","8","0","W","NA","NA","NA","","NA","NA","NA","","48.9667","-21.1333","1","1","0","","British","convoy","0","","Land's End","E1/2N","201","","","NA","","","NA","","","NNW","SW-NNW","fresh breezes","NA","fresh breezes","","","","","cloudy","","NA","0","0","0","0","0","0","0","0","CLIWOC Version 1.1","NA","","","","","NA","","NA","NA","","","NA","","NA","","","NA","","0","","0","","0","","0","","0","","0","0",""
"251870","NMM","National Maritime Museum","Greenwich","United Kingdom","","","","","NMM ADM/L/C222","English","","NA","","Torbay","St Johns Newfoundland","Crocodile","6th Rate","RN","24g 513bm","British","James King","Captain","James Levenham","1st Officer/Master","","","Greenwich","12","","","Unknown","Unknown","Unknown","Leagues","nm","Unknown","17821015","standard","2","1782","10","31","Thursday","","12","","NA","1782103114","S58W","NA","82","48","9","0","N","22","52","0","W","NA","NA","NA","","NA","NA","NA","","48.15","-22.8667","1","1","0","","British","convoy","0","","Land's End","E1/2N","224","","","NA","","","NA","","","ESE","NNW-ESE","fresh breezes","NA","fresh breezes","","","","","variable","","NA","0","0","0","0","0","0","0","0","CLIWOC Version 1.1","NA","","","","","NA","","NA","NA","","","NA","","NA","","","NA","","0","","0","","0","","0","","0","","0","0",""
"251871","NMM","National Maritime Museum","Greenwich","United Kingdom","","","","","NMM ADM/L/C222","English","","NA","","Torbay","St Johns Newfoundland","Crocodile","6th Rate","RN","24g 513bm","British","James King","Captain","James Levenham","1st Officer/Master","","","Greenwich","12","","","Unknown","Unknown","Unknown","Leagues","nm","Unknown","17821015","standard","2","1782","11","1","Friday","","12","","NA","1782110114","W","NA","100","48","9","0","N","25","22","0","W","NA","NA","NA","","NA","NA","NA","","48.15","-25.3667","1","1","0","","British","5 of the convoy in sight","0","","Lands End","E3/4N","256","","","NA","","","NA","","","SW","SE-SW","fresh gales","NA","fresh gales","","","","","cloudy","","NA","0","0","0","0","0","0","0","0","CLIWOC Version 1.1","NA","","","","","NA","","NA","NA","","","NA","","NA","","","NA","","0","","0","","0","","0","","0","","0","0",""
"251872","NMM","National Maritime Museum","Greenwich","United Kingdom","","","","","NMM ADM/L/C222","English","","NA","","Torbay","St Johns Newfoundland","Crocodile","6th Rate","RN","24g 513bm","British","James King","Captain","James Levenham","1st Officer/Master","","","Greenwich","12","","","Unknown","Unknown","Unknown","Leagues","nm","Unknown","17821015","standard","2","1782","11","2","Saturday","","12","","NA","1782110214","S73W","NA","44","47","56","0","N","26","25","0","W","NA","NA","NA","","NA","NA","NA","","47.9333","-26.4167","1","1","0","","British","6 of the convoy in sight","0","","Lands End","E3/4N","272","","","NA","","","NA","","","N","SWbW-N","fresh breezes","NA","first fresh gales, mid moderate, latter fresh breezes","","","","","clear","rain","NA","0","0","0","0","0","0","0","0","CLIWOC Version 1.1","NA","","","","","NA","","NA","NA","","","NA","","NA","","","NA","","0","","0","","0","","0","","0","","0","0",""
"251873","NMM","National Maritime Museum","Greenwich","United Kingdom","","","","","NMM ADM/L/C222","English","","NA","","Torbay","St Johns Newfoundland","Crocodile","6th Rate","RN","24g 513bm","British","James King","Captain","James Levenham","1st Officer/Master","","","Greenwich","12","","","Unknown","Unknown","Unknown","Leagues","nm","Unknown","17821015","standard","2","1782","11","3","Sunday","","12","","NA","1782110314","S88W","NA","34","47","54","0","N","27","16","0","W","NA","NA","NA","","NA","NA","NA","","47.9","-27.2667","1","1","0","","British","all the convoy","0","","Lands End","E3/4S","283","","","NA","","","NA","","","W","NNW-W","fresh breezes","NA","fresh breezes","","","","","hazy then calm","","NA","0","0","0","0","0","0","0","0","CLIWOC Version 1.1","NA","","","","","NA","","NA","NA","","","NA","","NA","","","NA","","0","","0","","0","","0","","0","","0","0",""
"251874","NMM","National Maritime Museum","Greenwich","United Kingdom","","","","","NMM ADM/L/C222","English","","NA","","Torbay","St Johns Newfoundland","Crocodile","6th Rate","RN","24g 513bm","British","James King","Captain","James Levenham","1st Officer/Master","","","Greenwich","12","","","Unknown","Unknown","Unknown","Leagues","nm","Unknown","17821015","standard","2","1782","11","4","Monday","","12","","NA","1782110414","S","NA","32","47","21","0","N","27","16","0","W","NA","NA","NA","","NA","NA","NA","","47.35","-27.2667","1","1","0","","British","convoy in company","0","","Lands End","EbN","286","","","NA","","","NA","","","NW","W-NW","fresh breezes","NA","fresh breezes","","","","","hazy then calm","","NA","0","0","0","0","0","0","0","0","CLIWOC Version 1.1","NA","","","","","NA","","NA","NA","","","NA","","NA","","","NA","","0","","0","","0","","0","","0","","0","0",""
"251875","NMM","National Maritime Museum","Greenwich","United Kingdom","","","","","NMM ADM/L/C222","English","","NA","","Torbay","St Johns Newfoundland","Crocodile","6th Rate","RN","24g 513bm","British","James King","Captain","James Levenham","1st Officer/Master","","","Greenwich","12","","","Unknown","Unknown","Unknown","Leagues","nm","Unknown","17821015","standard","2","1782","11","5","Tuesday","","12","","NA","1782110514","S","NA","47","46","35","0","N","27","16","0","W","NA","NA","NA","","NA","NA","NA","","46.5833","-27.2667","1","1","0","","British","7 sails in company","0","","Lands End","ENE3/4E","291","","","NA","","","NA","","","SSW","WbN-SSW","fresh breezes","NA","fresh breezes","","","","","hazy then calm","","NA","0","0","0","0","0","0","0","0","CLIWOC Version 1.1","NA","","","","","NA","","NA","NA","","","NA","","NA","","","NA","","0","","0","","0","","0","","0","","0","0",""
"251876","NMM","National Maritime Museum","Greenwich","United Kingdom","","","","","NMM ADM/L/C222","English","","NA","","Torbay","St Johns Newfoundland","Crocodile","6th Rate","RN","24g 513bm","British","James King","Captain","James Levenham","1st Officer/Master","","","Greenwich","12","","","Unknown","Unknown","Unknown","Leagues","nm","Unknown","17821015","standard","2","1782","11","6","Wednesday","","12","","NA","1782110614","N77W","NA","106","46","59","0","N","29","46","0","W","NA","NA","NA","","NA","NA","NA","","46.9833","-29.7667","1","1","0","","British","3 sails in company","0","","Lands End","EbN","320","","","NA","","","NA","","","variable","SSW, SW, variable","fresh breezes","NA","fresh breezes","","","","","cloudy","","NA","0","0","0","0","0","0","0","0","CLIWOC Version 1.1","NA","","","","","NA","","NA","NA","","","NA","","NA","","","NA","","0","","0","","0","","0","","0","","0","0",""
"251877","NMM","National Maritime Museum","Greenwich","United Kingdom","","","","","NMM ADM/L/C222","English","","NA","","Torbay","St Johns Newfoundland","Crocodile","6th Rate","RN","24g 513bm","British","James King","Captain","James Levenham","1st Officer/Master","","","Greenwich","12","","","Unknown","Unknown","Unknown","Leagues","nm","Unknown","17821015","standard","2","1782","11","7","Thursday","","12","","NA","1782110714","S27W","NA","64","46","0","0","N","30","29","0","W","NA","NA","NA","","NA","NA","NA","","46","-30.4833","1","1","0","","British","3 sails in company","0","","Lands End","ENE3/4E","333","","","NA","","","NA","","","NWbN","NbW, NNW, NWbN","fresh gales","NA","fresh gales and squally","","","","","","","NA","0","0","0","0","0","0","0","0","CLIWOC Version 1.1","NA","","","","","NA","","NA","NA","","","NA","","NA","","","NA","","0","","0","","0","","0","","0","","0","0",""
"251878","NMM","National Maritime Museum","Greenwich","United Kingdom","","","","","NMM ADM/L/C222","English","","NA","","Torbay","St Johns Newfoundland","Crocodile","6th Rate","RN","24g 513bm","British","James King","Captain","James Levenham","1st Officer/Master","","","Greenwich","12","","","Unknown","Unknown","Unknown","Leagues","nm","Unknown","17821015","standard","2","1782","11","8","Friday","","12","","NA","1782110814","S76W","NA","40","45","52","0","N","31","24","0","W","NA","NA","NA","","NA","NA","NA","","45.8667","-31.4","1","1","0","","","","0","","Lands End","ENE3/4E","350","","","NA","","","NA","","","calm","WbN, WSW, calm","fresh breezes","NA","fresh breezes and squally","","","","","","","NA","0","0","0","0","0","0","0","0","CLIWOC Version 1.1","NA","","","","","NA","","NA","NA","","","NA","","NA","","","NA","","0","","0","","0","","0","","0","","0","0",""
"251879","NMM","National Maritime Museum","Greenwich","United Kingdom","","","","","NMM ADM/L/C222","English","","NA","","Torbay","St Johns Newfoundland","Crocodile","6th Rate","RN","24g 513bm","British","James King","Captain","James Levenham","1st Officer/Master","","","Greenwich","12","","","Unknown","Unknown","Unknown","Leagues","nm","Unknown","17821015","standard","2","1782","11","9","Saturday","","12","","NA","1782110914","N34W","NA","46","46","19","0","N","32","18","0","W","NA","NA","NA","","NA","NA","NA","","46.3167","-32.3","1","1","0","","British","7 sails in sight","0","","Lands End","EbN","358","","","NA","","","NA","","","WSW","SWbW, WSW","fresh breezes","NA","fresh breezes","","","","","first calm, mid and latter cloudy","","NA","0","0","0","0","0","0","0","0","CLIWOC Version 1.1","NA","","","","","NA","","NA","NA","","","NA","","NA","","","NA","","0","","0","","0","","0","","0","","0","0",""
"251880","NMM","National Maritime Museum","Greenwich","United Kingdom","","","","","NMM ADM/L/C222","English","","NA","","Torbay","St Johns Newfoundland","Crocodile","6th Rate","RN","24g 513bm","British","James King","Captain","James Levenham","1st Officer/Master","","","Greenwich","12","","","Unknown","Unknown","Unknown","Leagues","nm","Unknown","17821015","standard","2","1782","11","10","Sunday","","12","","NA","1782111014","N21W","NA","43","47","0","0","N","32","40","0","W","NA","NA","NA","","NA","NA","NA","","47","-32.6667","1","1","0","","British","5 sails in sight","0","","Lands End","E3/4N","366","","","NA","","","NA","","","W","W, WbN, W","","NA","","","","","","thick hazy","","NA","0","0","0","0","0","0","0","0","CLIWOC Version 1.1","NA","","","","","NA","","NA","NA","","","NA","","NA","","","NA","","0","","0","","0","","0","","0","","0","0",""
"251881","NMM","National Maritime Museum","Greenwich","United Kingdom","","","","","NMM ADM/L/C222","English","","NA","","Torbay","St Johns Newfoundland","Crocodile","6th Rate","RN","24g 513bm","British","James King","Captain","James Levenham","1st Officer/Master","","","Greenwich","12","","","Unknown","Unknown","Unknown","Leagues","nm","Unknown","17821015","standard","2","1782","11","11","Monday","","12","","NA","1782111114","N50W","NA","49","47","31","0","N","33","34","0","W","NA","NA","NA","","NA","NA","NA","","47.5167","-33.5667","1","1","0","","British","convoy","0","","Lands End","E3/4N","366","","","NA","","","NA","","","N","W-N","fresh breezes","NA","fresh breezes","","","","","","rain","NA","0","0","0","0","0","0","0","0","CLIWOC Version 1.1","NA","","","","","NA","","NA","NA","","","NA","","NA","","","NA","","0","","0","","0","","0","","0","","0","0",""
"251882","NMM","National Maritime Museum","Greenwich","United Kingdom","","","","","NMM ADM/L/C222","English","","NA","","Torbay","St Johns Newfoundland","Crocodile","6th Rate","RN","24g 513bm","British","James King","Captain","James Levenham","1st Officer/Master","","","Greenwich","12","","","Unknown","Unknown","Unknown","Leagues","nm","Unknown","17821015","standard","2","1782","11","12","Tuesday","","12","","NA","1782111212","N68W","NA","186","NA","NA","NA","","NA","NA","NA","","NA","NA","NA","","NA","NA","NA","","47.63","-35.18","3","3","0","","British","4 sails in company","0","","","","NA","","","NA","","","NA","","","E","NNW, NbW, E","moderate","NA","moderate","","","","","","","NA","0","0","0","0","0","0","0","0","CLIWOC Version 1.1","NA","","","","","NA","","NA","NA","","","NA","","NA","","","NA","","0","","0","","0","","0","","0","","0","0",""
"251883","NMM","National Maritime Museum","Greenwich","United Kingdom","","","","","NMM ADM/L/C222","English","","NA","","Torbay","St Johns Newfoundland","Crocodile","6th Rate","RN","24g 513bm","British","James King","Captain","James Levenham","1st Officer/Master","","","Greenwich","12","","","Unknown","Unknown","Unknown","Leagues","nm","Unknown","17821015","standard","2","1782","11","13","Wednesday","","12","","NA","1782111314","N68W","NA","92","47","44","0","N","36","47","0","W","NA","NA","NA","","NA","NA","NA","","47.7333","-36.7833","1","1","0","","British","convoy","0","","Lands End","E1/2N","408","","","NA","","","NA","","","SW","EbN-SW","fresh breezes","NA","fresh breezes","","","","","hazy","","NA","0","0","0","0","0","0","0","0","CLIWOC Version 1.1","NA","","","","","NA","","NA","NA","","","NA","","NA","","","NA","","0","","0","","0","","0","","0","","0","0",""
"251884","NMM","National Maritime Museum","Greenwich","United Kingdom","","","","","NMM ADM/L/C222","English","","NA","","Torbay","St Johns Newfoundland","Crocodile","6th Rate","RN","24g 513bm","British","James King","Captain","James Levenham","1st Officer/Master","","","Greenwich","12","","","Unknown","Unknown","Unknown","Leagues","nm","Unknown","17821015","standard","2","1782","11","14","Thursday","","12","","NA","1782111415","N36W","NA","60","48","30","0","N","37","40","0","W","NA","NA","NA","","NA","NA","NA","","48.5","-37.6667","1","1","0","","British","2 sails in company","0","","Lands End","E1/2N","424","","","NA","","","NA","","","NEbN","SWbW-NEbN","fresh breezes","NA","fresh breezes and squally","","","","","hazy","","NA","0","0","0","0","0","0","0","0","CLIWOC Version 1.1","NA","","","","","NA","","NA","NA","","","NA","","NA","","","NA","","0","","0","","0","","0","","0","","0","0",""
"251885","NMM","National Maritime Museum","Greenwich","United Kingdom","","","","","NMM ADM/L/C222","English","","NA","","Torbay","St Johns Newfoundland","Crocodile","6th Rate","RN","24g 513bm","British","James King","Captain","James Levenham","1st Officer/Master","","","Greenwich","12","","","Unknown","Unknown","Unknown","Leagues","nm","Unknown","17821015","standard","2","1782","11","15","Friday","","12","","NA","1782111515","N88W","NA","88","48","35","0","N","39","53","0","W","NA","NA","NA","","NA","NA","NA","","48.5833","-39.8833","1","1","0","","British","Chance","0","","Lands End","E1/2N","442","","","NA","","","NA","","","SSW","NWbW-SSW","fresh breezes","NA","fresh breezes and squally","","","","","hazy","","NA","0","0","0","0","0","0","0","0","CLIWOC Version 1.1","NA","","","","","NA","","NA","NA","","","NA","","NA","","","NA","","0","","0","","0","","0","","0","","0","0",""
"251886","NMM","National Maritime Museum","Greenwich","United Kingdom","","","","","NMM ADM/L/C222","English","","NA","","Torbay","St Johns Newfoundland","Crocodile","6th Rate","RN","24g 513bm","British","James King","Captain","James Levenham","1st Officer/Master","","","Greenwich","12","","","Unknown","Unknown","Unknown","Leagues","nm","Unknown","17821015","standard","2","1782","11","16","Saturday","","12","","NA","1782111615","S85W","NA","115","48","25","0","N","42","35","0","W","NA","NA","NA","","NA","NA","NA","","48.4167","-42.5833","1","1","0","","British","Chance","0","","Lands End","E1/2N","483","","","NA","","","NA","","","S","SSW-S","fresh breezes","NA","fresh breezes and squally","","","","","hazy","","NA","0","0","0","0","0","0","0","0","CLIWOC Version 1.1","NA","","","","","NA","","NA","NA","","","NA","","NA","","","NA","","0","","0","","0","","0","","0","","0","0",""
"251887","NMM","National Maritime Museum","Greenwich","United Kingdom","","","","","NMM ADM/L/C222","English","","NA","","Torbay","St Johns Newfoundland","Crocodile","6th Rate","RN","24g 513bm","British","James King","Captain","James Levenham","1st Officer/Master","","","Greenwich","12","","","Unknown","Unknown","Unknown","Leagues","nm","Unknown","17821015","standard","2","1782","11","17","Sunday","","12","","NA","1782111715","S86W","NA","26","48","13","0","N","43","49","0","W","NA","NA","NA","","NA","NA","NA","","48.2167","-43.8167","1","1","0","","British","Chance","0","","Lands End","E1/2N","485","","","NA","","","NA","","","SWbS","NWbW-SWbS","fresh breezes","NA","fresh breezes","","","","","hazy","","NA","0","0","0","0","0","0","0","0","CLIWOC Version 1.1","NA","","","","","NA","","NA","NA","","","NA","","NA","","","NA","","0","","0","","0","","0","","0","","0","0",""
"251888","NMM","National Maritime Museum","Greenwich","United Kingdom","","","","","NMM ADM/L/C222","English","","NA","","Torbay","St Johns Newfoundland","Crocodile","6th Rate","RN","24g 513bm","British","James King","Captain","James Levenham","1st Officer/Master","","","Greenwich","12","","","Unknown","Unknown","Unknown","Leagues","nm","Unknown","17821015","standard","2","1782","11","18","Monday","","12","","NA","1782111815","S76W","NA","95","47","39","0","N","45","34","0","W","NA","NA","NA","","NA","NA","NA","","47.65","-45.5667","1","1","0","","British","Chance","0","","Lands End","E1/2N","520","","","NA","","","NA","","","WNW","W-WNW","strong gales","NA","moderate then strong gales","","","","","","","NA","0","0","0","0","0","0","0","0","CLIWOC Version 1.1","NA","","","","","NA","","NA","NA","","","NA","","NA","","","NA","","0","","0","","0","","0","","0","","0","0",""
"251889","NMM","National Maritime Museum","Greenwich","United Kingdom","","","","","NMM ADM/L/C222","English","","NA","","Torbay","St Johns Newfoundland","Crocodile","6th Rate","RN","24g 513bm","British","James King","Captain","James Levenham","1st Officer/Master","","","Greenwich","12","","","Unknown","Unknown","Unknown","Leagues","nm","Unknown","17821015","standard","2","1782","11","19","Tuesday","","12","","NA","1782111915","N26W","NA","26","48","14","0","N","45","53","0","W","NA","NA","NA","","NA","NA","NA","","48.2333","-45.8833","1","1","0","","British","Chance","0","","Lands End","E1/2N","525","","","NA","","","NA","","","NbE","W, NbE","hard gales","NA","hard gales","","","","","foggy","","NA","0","0","1","0","0","0","0","0","CLIWOC Version 1.1","NA","","","","","NA","","NA","NA","","","NA","","NA","","","NA","","0","","0","","0","","0","","0","","0","0",""
"251890","NMM","National Maritime Museum","Greenwich","United Kingdom","","","","","NMM ADM/L/C222","English","","NA","","Torbay","St Johns Newfoundland","Crocodile","6th Rate","RN","24g 513bm","British","James King","Captain","James Levenham","1st Officer/Master","","","Greenwich","12","","","Unknown","Unknown","Unknown","Leagues","nm","Unknown","17821015","standard","2","1782","11","20","Wednesday","","12","","NA","1782112015","S18W","NA","47","47","30","0","N","46","14","0","W","NA","NA","NA","","NA","NA","NA","","47.5","-46.2333","1","1","0","","","","0","","Lands End","E1/2N","531","","","NA","","","NA","","","SWbS","NWbW-SWbS","strong gales","NA","strong gales","","","","","","squalls of hail and snow","NA","0","0","0","1","0","0","0","0","CLIWOC Version 1.1","NA","","","","","NA","","NA","NA","","","NA","","NA","","","NA","","0","","0","","0","","0","","0","","0","0",""
"251891","NMM","National Maritime Museum","Greenwich","United Kingdom","","","","","NMM ADM/L/C222","English","","NA","","Torbay","St Johns Newfoundland","Crocodile","6th Rate","RN","24g 513bm","British","James King","Captain","James Levenham","1st Officer/Master","","","Greenwich","12","","","Unknown","Unknown","Unknown","Leagues","nm","Unknown","17821015","standard","2","1782","11","21","Thursday","","12","","NA","1782112115","N69W","NA","57","47","50","0","N","47","34","0","W","NA","NA","NA","","NA","NA","NA","","47.8333","-47.5667","1","1","0","","British","Chance","0","","Lands End","E1/2N","547","","","NA","","","NA","","","WNW","SW-WNW","strong gales","NA","strong gales and squally","","","","","","","NA","0","0","0","0","0","0","0","0","CLIWOC Version 1.1","NA","","","","","NA","","NA","NA","","","NA","","NA","","","NA","","0","","0","","0","","0","","0","","0","0",""
"251892","NMM","National Maritime Museum","Greenwich","United Kingdom","","","","","NMM ADM/L/C222","English","","NA","","Torbay","St Johns Newfoundland","Crocodile","6th Rate","RN","24g 513bm","British","James King","Captain","James Levenham","1st Officer/Master","","","Greenwich","12","","","Unknown","Unknown","Unknown","Leagues","nm","Unknown","17821015","standard","2","1782","11","22","Friday","","12","","NA","1782112215","S80W","NA","96","47","35","0","N","49","55","0","W","NA","NA","NA","","NA","NA","NA","","47.5833","-49.9167","1","1","0","","British","Chance","0","","Lands End","E1/2N","579","","","NA","","","NA","","","SE","NW-SE","fresh gales","NA","fresh gales","","","","","hazy","","NA","0","0","0","0","0","0","0","0","CLIWOC Version 1.1","NA","","","","","NA","","NA","NA","","","NA","","NA","","","NA","","0","","0","","0","","0","","0","","0","0",""
"251893","NMM","National Maritime Museum","Greenwich","United Kingdom","","","","","NMM ADM/L/C222","English","","NA","","Torbay","St Johns Newfoundland","Crocodile","6th Rate","RN","24g 513bm","British","James King","Captain","James Levenham","1st Officer/Master","","","Greenwich","12","","","Unknown","Unknown","Unknown","Leagues","nm","Unknown","17821015","standard","2","1782","11","23","Saturday","","12","","NA","1782112315","S64W","NA","23","47","23","0","N","50","25","0","W","NA","NA","NA","","NA","NA","NA","","47.3833","-50.4167","1","1","0","","","","0","","Lands End","E1/2N","590","","","NA","","","NA","","","WbN","SSW-WbN","fresh gales","NA","fresh gales","","","","","hazy","","NA","0","0","0","0","0","0","0","0","CLIWOC Version 1.1","NA","","","","","NA","","NA","NA","","","NA","","NA","","","NA","","0","","0","","0","","0","","0","","0","0",""
"251894","NMM","National Maritime Museum","Greenwich","United Kingdom","","","","","NMM ADM/L/C222","English","","NA","","Torbay","St Johns Newfoundland","Crocodile","6th Rate","RN","24g 513bm","British","James King","Captain","James Levenham","1st Officer/Master","","","Greenwich","12","","","Unknown","Unknown","Unknown","Leagues","nm","Unknown","17821015","standard","2","1782","11","24","Sunday","","12","","NA","1782112415","N83W","NA","44","47","28","0","N","51","29","0","W","NA","NA","NA","","NA","NA","NA","","47.4667","-51.4833","1","1","0","","British","Chance","0","","Lands End","E1/2N","605","","","NA","","","NA","","","ENE","NW-ENE","fresh breezes","NA","fresh breezes","","","","","cloudy","","NA","0","0","0","0","0","0","0","0","CLIWOC Version 1.1","NA","","","","","NA","","NA","NA","","","NA","","NA","","","NA","","0","","0","","0","","0","","0","","0","0",""
"251895","NMM","National Maritime Museum","Greenwich","United Kingdom","","","","","NMM ADM/L/C222","English","","NA","","Torbay","St Johns Newfoundland","Crocodile","6th Rate","RN","24g 513bm","British","James King","Captain","James Levenham","1st Officer/Master","","","Greenwich","12","","","Unknown","Unknown","Unknown","Leagues","nm","Unknown","17821015","standard","2","1782","11","25","Monday","","12","","NA","1782112515","N49W","NA","19","47","20","0","N","51","50","0","W","NA","NA","NA","","NA","NA","NA","","47.3333","-51.8333","1","1","0","","","","0","","Cape Spear","S85W","622","","","NA","","","NA","","","NNW","EbN, NE, NNW","fresh breezes","NA","fresh breezes","","","","","hazy","","NA","0","0","0","0","0","0","0","0","CLIWOC Version 1.1","NA","","","","","NA","","NA","NA","","","NA","","NA","","","NA","","0","","0","","0","","0","","0","","0","0",""
